loc_jj,195
loc_ig,129
loc_ji,419
loc_jd,477
loc_hw,424
loc_ia,312
loc_ib,264
loc_ii,377
loc_jh,254
loc_li,305
loc_jy,474
loc_if,148
loc_ki,123
loc_kr,274
Audi,342
loc_hx,320
loc_ix,339
loc_kc,292
loc_kl,314
loc_kx,440
loc_is,209
loc_kd,345
loc_ju,475
loc_ic,458
loc_in,267
CCC,346
loc_ka,140
loc_im,447
loc_jx,122
loc_hu,393
loc_jt,376
loc_jv,416
OAT,251
loc_lb,488
loc_iw,341
loc_ks,490
loc_lk,101
loc_ih,307
loc_iv,428
Pits,305
loc_iy,486
loc_hv,313
loc_iu,145
loc_kt,100
Aryabhatta,326
loc_js,331
loc_ll,321
loc_jw,471
loc_hy,360
loc_jl,177
loc_ld,306
loc_lj,292
loc_ky,456
loc_kb,292
loc_km,297
loc_lm,327
Archi,221
loc_jq,489
loc_hs,215
loc_it,185
loc_jm,152
loc_ir,385
Bhaskara,123
loc_lc,378
loc_ht,381
loc_je,266
loc_le,467
loc_kp,320
loc_jb,236
loc_kq,482
loc_kn,194
loc_lf,190
ELHC,407
loc_ij,441
loc_kk,350
loc_ku,235
loc_jn,225
loc_jc,115
loc_ln,344
loc_ke,158
loc_iz,239
loc_jz,111
loc_kv,114
loc_ie,316
loc_ko,476
loc_jk,477
loc_hz,479
loc_jr,238
loc_jg,155
loc_kj,201
loc_ja,278
loc_jp,455
loc_jo,232
loc_iq,176
loc_lg,255
loc_kh,390
loc_kz,323
loc_kg,247
loc_kf,481
loc_ip,177
loc_kw,426
loc_io,400
loc_lh,278
loc_ik,425
loc_la,491
Amphi,140
loc_il,475
loc_id,372
loc_jf,423