1448,event_fh
1015,event_ff
1400,event_hq
1288,event_gw
1301,event_fc
1480,event_ey
1393,event_hg
1189,event_eu
1168,event_gm
1337,event_ex
1249,event_fg
1132,event_gm
1283,event_ft
1225,event_hq
1442,event_hj
1270,event_eu
1095,event_er
1013,event_hf
1326,event_hg
1036,event_hn
1273,event_gw
1362,event_hn
1399,event_hn
1474,event_gw
1011,event_hn
1405,event_ft
1152,event_gz
1087,event_es
1487,event_fh
1084,event_fs
1239,event_ey
1396,event_hj
1223,event_ek
1153,event_em
1085,event_ft
1336,event_ff
1142,event_ex
1007,event_gn
1245,event_gn
1277,event_ex
1401,event_fc
1196,event_hc
1080,event_hl
1048,event_eq
1391,event_eo
1198,event_ey
1428,event_gz
1291,event_hq
1356,event_fs
1212,event_gm
1037,event_fh
1177,event_hg
1419,event_fm
1062,event_eu
1466,event_gh
1086,event_ej
1439,event_hq
1110,event_es
1076,event_hl
1322,event_hl
1250,event_gh
1018,event_ft
1289,event_ej
1119,event_es
1254,event_gw
1342,event_fg
1272,event_er
1176,event_hh
1384,event_eu
1005,event_hf
1479,event_fn
1047,event_ef
1316,event_eo
1449,event_ej
1101,event_eg
1394,event_ef
1320,event_ey
1343,event_er
1174,event_ey
1017,event_eo
1483,event_es
1351,event_ek
1194,event_fp
1089,event_ek
1335,event_eq
1304,event_ef
1364,event_eu
1262,event_fj
1090,event_gn
1340,event_eo
1050,event_fc
1318,event_ef
1185,event_gz
1125,event_em
1231,event_hh
1269,event_hl
1053,event_gn
1463,event_hc
1338,event_ef
1139,event_gn
1298,event_fc
1051,event_fg
1488,event_hl
1147,event_fn
1373,event_fp
1163,event_fc
1113,event_fj
1184,event_gz
1122,event_eh
1115,event_fc
1150,event_fh
1066,event_fs
1426,event_hc
1094,event_fm
1030,event_ga
1014,event_ft
1238,event_eo
1303,event_gw
1232,event_ff
1206,event_fp
1417,event_fj
1029,event_eg
1006,event_hn
1157,event_ej
1246,event_fn
1201,event_ex
1473,event_hn
1243,event_hf
1195,event_hl
1247,event_hf
1058,event_fh
1306,event_ej
1181,event_eh
1155,event_er
1156,event_ef
1297,event_eq
1493,event_eh
1331,event_hc
1128,event_gz
1108,event_gk
1220,event_es
1433,event_hh
1112,event_he
1045,event_ej
1425,event_ej
1105,event_hq
1169,event_ft
1325,event_ff
1253,event_gh
1054,event_ef
1091,event_fs
1445,event_hl
1255,event_fg
1226,event_ef
1280,event_eu
1266,event_ff
1173,event_eg
1154,event_es
1261,event_fm
1068,event_hc
1477,event_gz
1237,event_eg
1357,event_fp
1109,event_hn
1067,event_fp
1186,event_hh
1070,event_hg
1081,event_hn
1083,event_hn
1158,event_gz
1281,event_hb
1199,event_er
1431,event_er
1000,event_fc
1097,event_gk
1390,event_fj
1118,event_ey
1178,event_hq
1075,event_gm
1332,event_fh
1339,event_fg
1271,event_fp
1423,event_ey
1386,event_em
1371,event_hq
1200,event_eh
1410,event_fj
1459,event_eg
1412,event_gk
1380,event_ex
1349,event_fn
1443,event_hj
1486,event_hf
1016,event_hq
1144,event_ex
1038,event_gk
1450,event_fp
1465,event_ex
1284,event_fn
1182,event_eo
1260,event_ff
1069,event_gz
1193,event_er
1296,event_gn
1432,event_fz
1327,event_eu
1455,event_hf
1478,event_hh
1441,event_hh
1022,event_hj
1469,event_hh
1179,event_gw
1381,event_eh
1461,event_ey
1242,event_he
1295,event_hg
1103,event_hn
1162,event_hn
1077,event_hq
1175,event_fz
1093,event_fn
1413,event_hq
1148,event_ef
1078,event_em
1389,event_es
1319,event_ef
1026,event_fh
1409,event_hh
1314,event_hb
1123,event_eq
1240,event_eo
1049,event_fn
1214,event_fs
1329,event_eq
1346,event_hb
1472,event_eo
1227,event_he
1422,event_eu
1278,event_eo
1350,event_ek
1415,event_fn
1313,event_eo
1370,event_eh
1376,event_fm
1264,event_eo
1330,event_gn
1213,event_eg
1228,event_hb
1457,event_eq
1416,event_ft
1454,event_gz
1471,event_hj
1321,event_eg
1024,event_fs
1482,event_hg
1265,event_es
1437,event_ex
1378,event_hl
1367,event_eu
1341,event_eu
1135,event_fj
1334,event_em
1427,event_fc
1072,event_hn
1259,event_fm
1127,event_ft
1100,event_hn
1402,event_hc
1252,event_ft
1411,event_fm
1354,event_em
1421,event_fj
1137,event_he
1447,event_gz
1197,event_ey
1305,event_hj
1497,event_fp
1204,event_hb
1353,event_eq
1392,event_fz
1042,event_fh
1207,event_eo
1208,event_fh
1458,event_eg
1302,event_ey
1046,event_hg
1141,event_fs
1369,event_fh
1256,event_hg
1279,event_hg
1286,event_ej
1345,event_gn
1274,event_fn
1317,event_ex
1205,event_fc
1344,event_eh
1111,event_fg
1312,event_fh
1160,event_fs
1082,event_er
1387,event_hq
1202,event_fj
1003,event_hf
1001,event_hf
1040,event_es
1140,event_fc
1161,event_gn
1385,event_gh
1430,event_he
1440,event_es
1324,event_ey
1251,event_hl
1285,event_er
1106,event_ff
1438,event_hg
1190,event_fn
1241,event_he
1021,event_ex
1134,event_fs
1167,event_fg
1145,event_fz
1074,event_gm
1002,event_ff
1034,event_fc
1009,event_ej
1010,event_ft
1268,event_fz
1004,event_ga
1092,event_er
1414,event_he
1365,event_fh
1166,event_er
1057,event_fz
1217,event_gm
1180,event_fm
1308,event_es
1107,event_he
1071,event_fp
1146,event_gk
1027,event_fc
1363,event_he
1064,event_fg
1436,event_fp
1129,event_ft
1485,event_gn
1395,event_hg
1315,event_hh
1124,event_ef
1358,event_hn
1372,event_fg
1310,event_ga
1164,event_gw
1098,event_eu
1061,event_hq
1307,event_gm
1492,event_hf
1407,event_hl
1230,event_fp
1360,event_eh
1420,event_gk
1498,event_ga
1424,event_ex
1292,event_fm
1188,event_eg
1235,event_ft
1489,event_ey
1056,event_hb
1248,event_gw
1293,event_hn
1355,event_fz
1484,event_hn
1276,event_hl
1446,event_hq
1481,event_gz
1126,event_fg
1359,event_gw
1267,event_er
1170,event_eh
1368,event_er
1398,event_fp
1073,event_ef
1171,event_fh
1311,event_hq
1044,event_es
1290,event_fh
1023,event_gw
1377,event_eq
1065,event_gh
1136,event_ga
1063,event_ek
1366,event_gz
1467,event_he
1257,event_eg
1039,event_er
1453,event_fg
1052,event_hb
1495,event_fp
1294,event_ex
1244,event_ef
1165,event_ef
1347,event_hg
1476,event_fm
1229,event_ff
1382,event_eu
1361,event_hg
1043,event_es
1299,event_ef
1224,event_he
1328,event_he
1468,event_ft
1429,event_fc
1406,event_fm
1191,event_er
1060,event_fz
1490,event_fj
1088,event_fm
1462,event_ef
1309,event_hg
1019,event_ff
1114,event_ey
1300,event_em
1352,event_eu
1025,event_eh
1117,event_eg
1451,event_gm
1079,event_ga
1470,event_fm
1059,event_ga
1120,event_gw
1456,event_gk
1222,event_fh
1219,event_hc
1149,event_fs
1020,event_fc
1379,event_gn
1116,event_gn
1408,event_ef
1216,event_hq
1151,event_hn
1033,event_fz
1403,event_em
1035,event_eg
1133,event_fn
1121,event_he
1233,event_ej
1104,event_ex
1375,event_em
1397,event_hn
1348,event_gw
1287,event_em
1099,event_eq
1333,event_hl
1172,event_hj
1499,event_hj
1452,event_gk
1434,event_ey
1159,event_hl
1138,event_fh
1258,event_eh
1096,event_hc
1203,event_hl
1028,event_eg
1491,event_ey
1143,event_gw
1102,event_hf
1234,event_gh
1055,event_gw
1210,event_gw
1444,event_hh
1404,event_hj
1418,event_gz
1215,event_hb
1221,event_hg
1275,event_he
1218,event_hh
1496,event_eo
1388,event_ga
1263,event_ga
1236,event_fc
1211,event_hl
1031,event_eu
1032,event_fg
1460,event_fn
1464,event_ga
1323,event_es
1475,event_eh
1183,event_fj
1383,event_fp
1012,event_gm
1131,event_gz
1041,event_eq
1282,event_ex
1192,event_eu
1187,event_fh
1008,event_fp
1494,event_ff
1374,event_gm
1435,event_hg
1209,event_gw
1130,event_er