1001,product1,298.75,300,red
1002,product2,127.4,237,green
1003,product3,50.38,105,blue
1004,product4,169.61,381,red
1005,product5,269.43,377,yellow
1006,product6,192.55,190,orange
1007,product7,125.19,434,white
1008,product8,263.35,237,brown
1009,product9,14.92,209,green
1010,product10,305.35,416,black
1011,product11,144.92,494,red
1012,product12,149.67,132,green
1013,product13,199.52,223,blue
1014,product14,241.64,451,red
1015,product15,96.29,308,yellow
1016,product16,351.87,259,orange
1017,product17,346.18,233,white
1018,product18,325.59,175,brown
1019,product19,65.5,386,green
1020,product20,123.37,229,black
1021,product21,352.75,326,red
1022,product22,269.28,217,green
1023,product23,387.47,443,blue
1024,product24,179.77,419,red
1025,product25,335.03,396,yellow
1026,product26,389.67,471,orange
1027,product27,101.19,190,white
1028,product28,341.35,288,brown
1029,product29,232.98,447,green
1030,product30,212.93,439,black
1031,product31,202.54,301,red
1032,product32,33.05,181,green
1033,product33,306.74,290,blue
1034,product34,47.44,488,red
1035,product35,183.97,330,yellow
1036,product36,213.18,253,orange
1037,product37,11.85,157,white
1038,product38,267.12,376,brown
1039,product39,105.51,279,green
1040,product40,373.78,197,black
1041,product41,53.52,142,red
1042,product42,191.82,220,green
1043,product43,158.49,307,blue
1044,product44,274.5,214,red
1045,product45,298.89,486,yellow
1046,product46,134.96,440,orange
1047,product47,120.53,336,white
1048,product48,90.39,411,brown
1049,product49,196.61,118,green
1050,product50,285.42,396,black
1051,product51,216.15,326,red
1052,product52,128.96,493,green
1053,product53,367.23,237,blue
1054,product54,251.08,129,red
1055,product55,68.12,372,yellow
1056,product56,142.36,466,orange
1057,product57,106.58,447,white
1058,product58,196.33,361,brown
1059,product59,192.85,391,green
1060,product60,314.84,225,black
1061,product61,35.37,264,red
1062,product62,172.56,469,green
1063,product63,15.53,370,blue
1064,product64,285.8,235,red
1065,product65,383.32,188,yellow
1066,product66,100.72,441,orange
1067,product67,384.45,465,white
1068,product68,121.77,228,brown
1069,product69,18.56,242,green
1070,product70,137.01,161,black
1071,product71,44.15,352,red
1072,product72,182.14,220,green
1073,product73,366.06,332,blue
1074,product74,318.32,476,red
1075,product75,90.66,290,yellow
1076,product76,20.24,478,orange
1077,product77,347.88,397,white
1078,product78,301.29,342,brown
1079,product79,20.38,124,green
1080,product80,148.13,408,black
1081,product81,194.82,180,red
1082,product82,170.36,402,green
1083,product83,79.64,366,blue
1084,product84,49.95,172,red
1085,product85,375.7,252,yellow
1086,product86,387.1,342,orange
1087,product87,372.92,483,white
1088,product88,188.92,403,brown
1089,product89,80.06,406,green
1090,product90,182.31,393,black
1091,product91,83.15,396,red
1092,product92,76.04,165,green
1093,product93,15.27,354,blue
1094,product94,172.36,382,red
1095,product95,387.78,409,yellow
1096,product96,265.05,382,orange
1097,product97,292.25,244,white
1098,product98,173.62,496,brown
1099,product99,222.32,423,green
1100,product100,95.44,449,black
1101,product101,251.9,212,red
1102,product102,39.11,296,green
1103,product103,162.75,498,blue
1104,product104,390.65,137,red
1105,product105,146.89,397,yellow
1106,product106,235.03,124,orange
1107,product107,393.49,392,white
1108,product108,306.72,393,brown
1109,product109,304.91,383,green
1110,product110,159.86,333,black
1111,product111,226.46,155,red
1112,product112,272.57,255,green
1113,product113,185.09,343,blue
1114,product114,366.93,189,red
1115,product115,125.33,317,yellow
1116,product116,273.21,485,orange
1117,product117,173.52,352,white
1118,product118,60.96,157,brown
1119,product119,132.92,368,green
1120,product120,303.43,347,black
1121,product121,303.66,156,red
1122,product122,35.62,358,green
1123,product123,110.13,440,blue
1124,product124,50.39,264,red
1125,product125,266.39,317,yellow
1126,product126,369.28,483,orange
1127,product127,27.03,332,white
1128,product128,294.76,350,brown
1129,product129,238.31,113,green
1130,product130,324.28,297,black
1131,product131,132.82,356,red
1132,product132,37.63,349,green
1133,product133,343.75,482,blue
1134,product134,257.88,425,red
1135,product135,366.76,202,yellow
1136,product136,349.07,168,orange
1137,product137,60.68,315,white
1138,product138,152.16,178,brown
1139,product139,23.1,120,green
1140,product140,19.54,242,black
1141,product141,242.56,207,red
1142,product142,138.89,236,green
1143,product143,58.98,365,blue
1144,product144,355.86,393,red
1145,product145,94.83,478,yellow
1146,product146,234.46,182,orange
1147,product147,299.3,247,white
1148,product148,198.77,222,brown
1149,product149,136.37,229,green
1150,product150,201.4,330,black
1151,product151,44.9,365,red
1152,product152,255.69,184,green
1153,product153,169.38,203,blue
1154,product154,57.97,286,red
1155,product155,31.04,361,yellow
1156,product156,64.87,441,orange
1157,product157,382.88,253,white
1158,product158,152.05,378,brown
1159,product159,96.47,221,green
1160,product160,249.24,298,black
1161,product161,352.47,437,red
1162,product162,323.5,223,green
1163,product163,131.72,358,blue
1164,product164,310.13,190,red
1165,product165,216.27,491,yellow
1166,product166,19.72,206,orange
1167,product167,55.38,100,white
1168,product168,199.73,344,brown
1169,product169,67.76,217,green
1170,product170,251.97,269,black
1171,product171,370.61,177,red
1172,product172,309.47,420,green
1173,product173,214.46,265,blue
1174,product174,57.16,381,red
1175,product175,346.11,437,yellow
1176,product176,340.35,394,orange
1177,product177,389.8,121,white
1178,product178,206.2,406,brown
1179,product179,76.6,143,green
1180,product180,150.35,145,black
1181,product181,295.94,195,red
1182,product182,242.26,366,green
1183,product183,80.99,164,blue
1184,product184,84.22,248,red
1185,product185,179.91,293,yellow
1186,product186,26.86,156,orange
1187,product187,151.67,281,white
1188,product188,230.03,495,brown
1189,product189,192.22,388,green
1190,product190,395.64,470,black
1191,product191,387.59,156,red
1192,product192,125.63,241,green
1193,product193,256.57,107,blue
1194,product194,349.97,393,red
1195,product195,202.92,490,yellow
1196,product196,338.68,440,orange
1197,product197,189.53,335,white
1198,product198,244.46,112,brown
1199,product199,140.3,466,green
1200,product200,307.33,151,black
1201,product201,18.51,397,red
1202,product202,155.57,271,green
1203,product203,100.87,224,blue
1204,product204,384.52,242,red
1205,product205,43.12,291,yellow
1206,product206,159.74,423,orange
1207,product207,120.57,477,white
1208,product208,297.94,130,brown
1209,product209,388.5,206,green
1210,product210,169.44,252,black
1211,product211,329.92,147,red
1212,product212,210.01,201,green
1213,product213,231.89,304,blue
1214,product214,368.41,296,red
1215,product215,79.07,302,yellow
1216,product216,382.62,378,orange
1217,product217,26.52,168,white
1218,product218,103.73,228,brown
1219,product219,295.55,128,green
1220,product220,267.15,410,black
1221,product221,185.59,464,red
1222,product222,98.52,337,green
1223,product223,249.04,281,blue
1224,product224,85.75,171,red
1225,product225,22.04,322,yellow
1226,product226,313.53,287,orange
1227,product227,347.05,385,white
1228,product228,366.27,383,brown
1229,product229,102.09,279,green
1230,product230,210.15,118,black
1231,product231,46.53,401,red
1232,product232,64.86,285,green
1233,product233,166.91,333,blue
1234,product234,195.23,493,red
1235,product235,214.98,212,yellow
1236,product236,105.95,176,orange
1237,product237,323.52,121,white
1238,product238,308.55,161,brown
1239,product239,334.88,250,green
1240,product240,388.79,178,black
1241,product241,24.79,499,red
1242,product242,78.37,131,green
1243,product243,341.18,480,blue
1244,product244,382.16,378,red
1245,product245,185.94,345,yellow
1246,product246,318.24,488,orange
1247,product247,74.54,324,white
1248,product248,53.01,393,brown
1249,product249,369.57,263,green
1250,product250,214.65,367,black
